ISO2,country_name,project_score_overall,project_score_retail,project_score_wholesale,advanced_cbdc,search_interest_normalized,central_bankers_speech_stance_index_normalized,incomegroupwb24,regionwb24_hi,pop_adult,log_adult_population,account_ownership_2021,digital_payment_2021,online_bill_payment_2021,digital_merchant_payment_2021,borrowed_any_2021,gdp_per_capita_ppp_2021,internet_users_2021,domestic_credit_private_2021,inflation_2021,urban_population_2021,fdi_net_inflows_2021,wgi_voice_accountability_2021,wgi_political_stability_2021,wgi_government_effectiveness_2021,wgi_regulatory_quality_2021,wgi_rule_of_law_2021,wgi_control_corruption_2021,log_gdp_per_capita_ppp_2021,wgi_governance_index_2021
AE,United Arab Emirates (the),2.0,1.0,2.0,1,1.8247703102227968,3.2296164129542992,High income,High income,7842387,15.87505381027246,0.857421930087712,0.766119280152843,0.158522176103042,,0.435062262094794,68580.1312912676,100.0,76.167662138751,0.179935336174431,85.3571908511355,4.89230595097426,-0.8358884999999999,0.8395809999999999,1.0744083,1.0613347,0.3385039999999999,1.0349829,11.135758140440094,0.5854870666666666
AF,Afghanistan,0.0,0.0,0.0,0,-0.6859640469564714,-0.3653771275482272,Low income,South Asia (excluding high income),21791072,16.89701090258998,0.0965382184434304,0.0788157599978411,0.0006912244041982,0.0,0.679691486774837,2144.16657002819,16.51429939,,5.13320340824963,25.3478620272481,0.144466946606861,-1.4279721,-2.4506389,-1.7059035,-1.4099446999999998,-1.7202682,-1.2220249,7.670506210417376,-1.6561253833333331
AL,Albania,0.0,0.0,0.0,0,-0.6859640469564714,-0.3653771275482272,Upper middle income,Europe & Central Asia (excluding high income),2340601,14.66591829196359,0.441741742874165,0.345528841437981,0.0486753281752949,0.123007913070125,0.426860065527037,18212.794718288,79.32371752,36.4341686860283,2.04147163139545,57.5077187031778,6.75791457973236,-0.0004042999999999,0.0239536,0.1116368,-0.0049463,-0.2015586,-0.60203,9.80987963257091,-0.11222479999999997
AM,Armenia,0.0,0.0,0.0,0,-0.6859640469564714,-0.3653771275482272,Upper middle income,Europe & Central Asia (excluding high income),2364189,14.675945603550934,0.553477332562389,0.474708687571894,0.198258604855681,0.157412984160716,0.573089583107383,15921.705281964,78.61225758,61.6738125458808,7.18483629443371,65.3572875314441,2.64014282794454,0.1047104,-0.5019,-0.3553578,0.1972098,-0.1028405,0.0558397999999999,9.675438569363154,-0.1003897166666667
AR,Argentina,1.0,1.0,0.0,0,0.2655468760565534,-0.3653771275482272,Upper middle income,Latin America & Caribbean (excluding high income),34481880,17.355944526635316,0.716270859300586,0.650202140261449,0.323518869636568,0.447122460621683,0.51560824610234,26300.274261175,87.15070683,13.2644289814535,48.4093786255199,92.0292776175651,1.36838083162438,0.5235453999999999,0.0921998,0.1125651,-0.5840242999999999,-0.303899,-0.3273298,10.177334646293042,-0.08115713333333334
AT,Austria,2.0,0.0,2.0,1,1.5466545553620252,-0.3653771275482272,High income,High income,7633446,15.84804993957276,0.999507174861928,0.993001499882384,0.615677426278894,,0.640113576438967,62968.8538770186,92.52915104,93.0624546800894,2.7666666666667,68.773601700253,3.95409878611296,1.4910037,0.7543747,1.8163061,1.4481822,1.7167011,1.3601171,11.050395500221683,1.43111415
AU,Australia,2.0,2.0,2.0,1,1.111728853611669,2.8301726862317964,High income,High income,20888823,16.85472478919771,0.99323149822978,0.98949552622401,0.771408036246648,,0.670019992535827,58327.4146842325,96.97219849,138.339567139855,2.86391284709318,87.2353407632761,2.01542405903096,1.4353311,0.8536507,1.7024874,1.7860102999999998,1.5701838,1.6770561,10.973827496533854,1.5041199
BA,Bosnia and Herzegovina,0.0,0.0,0.0,0,-0.6859640469564714,-0.3653771275482272,Upper middle income,Europe & Central Asia (excluding high income),2851847,14.86347741251348,0.793378937380757,0.665192405906672,0.133519025566287,0.37684752067034,0.419110410181608,18286.6614977175,75.67620138,53.2893802522595,1.98163900587622,50.4899479477034,3.24230818475028,-0.4759813,-0.3107015999999999,-0.8403621,-0.3797619,-0.3074514,-0.6690056,9.813927193161259,-0.49721065
BD,Bangladesh,1.0,1.0,0.0,0,0.2767898533807124,-0.3653771275482272,Lower middle income,South Asia (excluding high income),117641793,18.583154912948405,0.528060649194004,0.452641568679425,0.10523267706208,0.0278161037544511,0.461320374444471,7441.06913961254,38.91744466,39.0820163295701,5.54565430773473,31.3992156886061,0.414118154040593,-1.0567803999999998,-1.0535518,-0.5638993999999999,-0.8711764999999999,-0.9749149,-1.0928915,8.914769819063883,-0.93553575
BE,Belgium,0.0,0.0,0.0,0,1.451385115930995,-0.3653771275482272,High income,High income,9600074,16.07728136474169,0.990056968401204,0.97414604049026,0.78203971599479,,0.562829772544017,60669.2137746534,92.78867618,74.7536988644538,2.44024851144084,87.4305564090635,5.6774240968721,1.5419159999999998,0.4619169999999999,1.2282716,1.3954035,1.4052126,1.5502151,11.01319166180595,1.2638226333333333
BG,Bulgaria,0.0,0.0,0.0,0,0.620588265240518,-0.3653771275482272,Upper middle income,Europe & Central Asia (excluding high income),5933315,15.59609363670179,0.839665205056197,0.752259081771346,0.314611038975103,0.491427502405983,0.47767094721153,30958.9830238332,75.27144583,48.1534654169725,3.29774435299506,73.346765618041,2.52871196630769,0.1902884,0.4063981,-0.0148069999999999,0.3229288999999999,-0.0377457,-0.2260611,10.340418479096751,0.10683360000000001
BO,Bolivia (Plurinational State of),0.0,0.0,0.0,0,-0.6859640469564714,-0.3653771275482272,Lower middle income,Latin America & Caribbean (excluding high income),8150856,15.913633510376556,0.688854460185439,0.554545929838326,0.139232187447233,0.151146732974545,0.481606673868055,11202.4409836707,65.9773785,62.8488382346261,0.737383721452275,70.3450412826165,1.21888494970059,-0.3237121,-0.2859636,-0.4784584,-1.117001,-1.1101906,-0.9489015,9.323886978507229,-0.7107045333333333
BR,Brazil,2.0,1.0,2.0,1,1.59931902809098,-0.3653771275482272,Upper middle income,Latin America & Caribbean (excluding high income),165349748,18.923573473351,0.840357458977852,0.765156576066863,0.426332657849985,0.524152066400021,0.587580752916885,18075.7060049068,80.68989314,68.8052246830253,8.30165975585673,87.1360781715439,2.77979084938159,0.0763533,-0.3922756,-0.0686133999999999,-0.1510718,-0.4091435,-0.404589,9.802324106010035,-0.22488999999999995
CA,Canada,2.0,1.0,2.0,1,2.367983635674263,0.0340665991742757,High income,High income,31991096,17.280968172045288,0.996346150066946,0.983481469545198,0.754919583899106,,0.861260295779617,56995.0952020711,93.93710327,,3.39519318527528,82.1779279079275,2.97618405526996,1.4726848,0.7604154,1.6828189999999998,1.6316738,1.5493331,1.6156132,10.950720494027781,1.4520898833333333
CH,Switzerland,2.0,1.0,2.0,1,2.0011075335175,2.3308680278286675,High income,High income,7337959,15.808571296528251,0.99491031115136,0.982166739709475,0.537465285458937,,0.684936990115915,83524.9832880195,95.56937154,,0.581814168489856,84.2006477608879,-14.366241892487,1.6782979999999998,1.0255347,2.0800555,1.7598954,1.7893994,2.1059546,11.332901067141364,1.7398562666666668
CL,Chile,1.0,1.0,0.0,0,1.5472462910106652,-1.563708307715736,High income,High income,15803947,16.575770276926423,0.870620678198245,0.842870208794319,0.515486957773542,,0.436929411040391,29106.6356522053,90.23280334,109.258846092778,4.52456838259144,88.4660511664452,4.81031437211446,0.9953359,0.146317,0.8697585,0.8736894,0.7564837,1.1463006,10.278721456450263,0.7979808500000001
CN,China,2.0,2.0,2.0,1,0.0025687680550957,1.7916189967532885,Upper middle income,East Asia & Pacific (excluding high income),1157739289,20.8697350517168,0.887090216844445,0.861900701715971,0.600385559148342,0.81538643112818,0.557127804718353,20843.2978347377,73.05323517,173.554518720488,0.981015135544882,64.721076965332,1.8903454142588,-1.6136948999999998,-0.259168,0.6669455999999999,-0.0246937,-0.5386195,0.0556852,9.944787728776689,-0.2855908833333333
CO,Colombia,1.0,1.0,1.0,0,1.1419073716923058,-0.3653771275482272,Upper middle income,Latin America & Caribbean (excluding high income),39661157,17.495882853600648,0.597159078921527,0.521095249927642,0.191362510046975,0.204050296025435,0.482360886617312,17383.0901728295,73.02837449,47.9124060650503,3.49505757399448,77.8339570326128,3.00175693787234,-0.0098546,-1.0147831,-0.0318011,0.2365791,-0.506983,-0.2697452999999999,9.763253183522773,-0.266098
CR,Costa Rica,0.0,0.0,0.0,0,-0.6859640469564714,-0.3653771275482272,Upper middle income,Latin America & Caribbean (excluding high income),3990389,15.199399277848176,0.684896897601052,0.591584698445814,0.32711017797414,0.388338249915596,0.377969648075445,24083.5988182437,82.74901607,56.0475527880024,1.72647755109241,77.9868940200009,5.47775634815964,1.126743,1.0171458,0.2714874,0.5605960999999999,0.6104539,0.5909559999999999,10.089286340840703,0.6962303666666666
CY,Cyprus,0.0,0.0,0.0,0,-0.6859640469564714,3.2296164129542992,High income,High income,1094549,13.90585296424399,0.931299045859698,0.871941044774009,0.49526833266404,,0.489509070773602,47632.5703125,90.75951564,87.3952443793853,2.44608867175474,66.6718365394971,21.8171208826836,0.9075915,0.4791733999999999,0.86,0.8484872999999999,0.7712279,0.4905518,10.77127205648964,0.7261719833333333
CZ,Czechia,1.0,1.0,0.0,0,1.569140510010343,-2.1628738977994906,High income,High income,8985899,16.011167128842867,0.949367048560852,0.941064975006368,0.705211155679196,,0.416095890031088,47796.0337408466,82.67062427,52.0361206166061,3.83984491500146,72.6810594374316,4.43029524586196,1.0405404,0.9968819,1.1010113,1.2403943,1.1669833,0.7300087,10.774697938903921,1.0459699833333334
DE,Germany,0.0,0.0,0.0,0,1.4442842881473157,0.8671920863383533,High income,High income,71716499,18.08823139067425,0.999765938161833,0.994807324065067,0.57434271567944,,0.663621527219469,62630.7748127737,91.43060973,82.7038241987432,3.06666666666673,81.6325870653934,2.93002168676674,1.5769284,0.6603045,1.8265941,1.6129105,1.6349496,1.8243293,11.045012046715069,1.5226693999999998
DK,Denmark,1.0,1.0,0.0,0,1.531269428497387,-2.1628738977994906,High income,High income,4880509,15.40076007566881,1.0,1.0,0.831606673750692,,0.625474095186045,69327.998216527,98.8658506,155.229321090433,1.85304543989689,88.2616449318149,4.18538817542322,1.9120246,0.8409468999999999,2.1905145,1.9974993,2.0133921,2.2948313,11.146604118254544,1.8748681166666668
DO,Dominican Republic (the),1.0,1.0,0.0,0,-0.6859640469564714,-0.3653771275482272,Upper middle income,Latin America & Caribbean (excluding high income),7960918,15.890054877804127,0.512980112720468,0.387298992825852,0.0878419967521992,0.132044125546648,0.450940705629687,22053.4589869955,85.24298638,27.7700298032382,8.24300347981809,72.9243347395035,3.53154938314388,0.0897951999999999,0.3502986999999999,-0.1501487,-0.0103431,-0.3243436,-0.545258,10.00122473873068,-0.09833325000000004
DZ,Algeria,0.0,0.0,0.0,0,-0.6859640469564714,-0.3653771275482272,Lower middle income,Middle East & North Africa (excluding high income),30458426,17.23187322976914,0.440970221449773,0.337417672200374,0.0356960756031119,0.0532955599963553,0.3759191125686,14496.8654697299,72.21240234,22.659990400839,7.22606307415477,73.6199218261573,0.466728479682941,-1.0429601,-0.9009933,-0.4641151,-0.9720042,-0.7553319,-0.6509952,9.581687730538205,-0.7977332999999999
EC,Ecuador,2.0,2.0,0.0,1,-0.6859640469564714,-0.3653771275482272,Upper middle income,Latin America & Caribbean (excluding high income),12914981,16.373898513353428,0.641767160592829,0.469043637808605,0.166949697463969,0.158736388126278,0.471014896815934,13507.4445638375,69.1147995,49.7533981232754,0.133251386096389,63.0871268249117,0.607504922954352,-0.0753616999999999,-0.1983083,-0.1107469,-0.5551263,-0.4314709,-0.6326965,9.510996261607449,-0.33395176666666665
EE,Estonia,1.0,1.0,0.0,0,-0.6859640469564714,-0.3653771275482272,High income,High income,1110971,13.920744965670828,0.993765667926472,0.986514070488219,0.853383285065972,,0.468276852719133,44247.4198971873,90.97970174,59.2942307857999,4.65316673847473,70.1777274135822,20.2291128645653,1.4062888999999998,0.8879043999999999,1.3707205999999998,1.5595497,1.4888413,1.5368104,10.697552341327937,1.3750192166666666
EG,Egypt,0.0,0.0,0.0,0,0.8436726047777755,-0.3653771275482272,Lower middle income,Middle East & North Africa (excluding high income),72722825,18.10216585471371,0.274440057212001,0.201970288405593,0.0144894415965269,0.0351299274303223,0.464418889124725,15579.0160861551,72.05599976,28.2307543894278,5.21404940513043,42.5686062621468,1.20617861055665,-1.6579735999999998,-1.066781,-0.2251022999999999,-0.5701379,-0.8185251,-0.7873199,9.65368016506566,-0.8543066333333332
ES,Spain,2.0,1.0,2.0,1,0.5483965161064452,1.432119642703036,High income,High income,40639965,17.520262500013658,0.982984394535205,0.975296812844126,0.480784501096909,,0.57913833954735,44251.6658222621,93.89752157,98.4256244971566,3.09313511976402,79.7846242983598,4.42272902452136,1.1384344,0.3832299999999999,1.1202722,0.9211695,0.9207665,0.8120885999999999,10.697648295428332,0.8826602
FI,Finland,1.0,1.0,0.0,0,1.7040562379002495,-0.3653771275482272,High income,High income,4663598,15.355297811187937,0.995301883332477,0.984739467234647,0.88450463550637,,0.604609671867094,56790.3766177692,92.80806082,100.140293611616,2.19457432339998,73.3710215780329,8.01406291677223,1.913997,1.1287431,2.1560517,2.0110043,2.0708538,2.2264683,10.94712216461158,1.9178530333333335
FR,France,2.0,1.0,2.0,1,1.418839655255798,2.77310929670001,High income,High income,55812045,17.83750026427213,0.99244295476517,0.984479399827727,0.436657861116557,,0.525783323774758,52517.3354905855,86.09548575,120.721909947613,1.64233141038394,78.7364603392338,3.30405312221271,1.1650934,0.1241525,1.5363266999999998,1.2843889,1.0805521,1.422803,10.868898593896429,1.1022194333333333
GB,United Kingdom of Great Britain and Northern Ireland (the),1.0,1.0,1.0,0,0.8211866501294579,0.941893250816328,High income,High income,55029201,17.823374529577453,0.997632738299911,0.991693969813959,0.523808772373803,,0.618298662774647,51840.4424245515,96.19650269,136.161594591011,2.51837109614213,82.9886431523641,3.20643815254935,1.2930083,0.4363657999999999,1.3289695,1.600758,1.3061844,1.6641761,10.855925865413957,1.2715770166666667
GE,Georgia,1.0,1.0,0.0,0,-0.6859640469564714,-0.3653771275482272,Upper middle income,Europe & Central Asia (excluding high income),2940933,14.894237435909751,0.704986885500291,0.62165517477899,0.253782557774515,0.310869654447235,0.403329959205209,18915.6534005263,76.4427093,72.9083897422509,9.56691433824769,59.4293560618005,6.84360165773215,0.0300981,-0.2017684,0.4515433,0.8431074,0.2251347,0.7226794999999999,9.847745080511011,0.34513243333333327
GH,Ghana,2.0,2.0,0.0,1,0.2016394260034398,-0.3653771275482272,Lower middle income,Sub-Saharan Africa (excluding high income),20017745,16.812129688144648,0.682303947936909,0.655665950693213,0.101070030816981,0.148667606660636,0.522063931605172,6607.50297378321,68.6,13.0544311231372,9.9710886750444,56.6952556826536,3.18633188953992,0.2068363,-0.1622488,-0.0445107,-0.1880837,0.0415219,-0.1554389,8.795961096540124,-0.050320649999999995
GN,Guinea,0.0,0.0,0.0,0,-0.6859640469564714,-0.3653771275482272,Low income,Sub-Saharan Africa (excluding high income),7735937,15.86138717233857,0.304403355352872,0.27649794980416,0.0438516071302421,0.056264112695524,0.569552860498832,3738.8051255133,28.61330032,9.00671851271095,12.5972882566934,36.8502178436256,1.15770496278309,-1.0322931,-1.0159308,-0.8085939999999999,-0.9127893,-1.003033,-1.0113603,8.22652135420545,-0.9640000833333332
GR,Greece,0.0,0.0,0.0,0,1.0791833929364725,2.0312852327867903,High income,High income,9182577,16.032818442156728,0.948841039582543,0.913951093237368,0.633907117252887,,0.477301754676729,33528.2271202515,78.49426371,56.1973361608804,1.22382501019854,78.3884898647442,3.0165221032062,0.7984163999999999,0.2270172,0.5727218,0.3962921,0.4439375,0.3910516,10.420142963629074,0.47157276666666664
HK,Hong Kong SAR,2.0,2.0,2.0,1,2.6307142636703964,3.058426244358941,High income,High income,6637356,15.70822424938174,0.97801244380349,0.927671215820433,0.643763284062754,,0.730059642298256,65884.9376260603,93.08715788,259.183988203515,1.56875834445922,100.0,37.1838191639948,-0.0977455,0.2186871,1.6245817,1.7461556,1.0319968,1.6345393,11.095665130269643,1.0263691666666668
HN,Honduras,1.0,1.0,0.0,0,-0.6859640469564714,-0.3653771275482272,Lower middle income,Latin America & Caribbean (excluding high income),6863097,15.741669355551638,0.378497022494385,0.316413146313124,0.106921131175829,0.0955595919215117,0.376905926873996,6202.98078812037,51.95159912,67.7270471861986,4.48087963413446,57.3550236357547,2.84361329738544,-0.7454491999999999,-0.806377,-0.6672516,-0.6069842999999999,-1.1417518,-1.1204199,8.732785227776699,-0.8480389666666666
HR,Croatia,0.0,0.0,0.0,0,1.1809619245025418,-0.3653771275482272,High income,High income,3348534,15.024033196080902,0.918041946650619,0.870846103209226,0.430101678586884,,0.465129747379572,36930.076102199,81.25396608,52.8752378177331,2.55450699642041,56.7683502560171,7.42755621800021,0.5908861,0.6364386,0.7557995,0.3318001,0.4127964,0.0954983,10.516781568559324,0.47053649999999997
HU,Hungary,2.0,2.0,1.0,1,1.684528961495131,-0.3653771275482272,High income,High income,8330756,15.935464766327442,0.882187885918565,0.8637168774235,0.544107980536933,,0.296003407737082,38887.1909527154,88.64083466,38.4125853084098,5.11096534382855,70.2059275331413,18.2639108972104,0.080264,0.7337252999999999,0.784219,0.4002885,0.2971399,0.1312694999999999,10.568420193960309,0.40448436666666665
ID,Indonesia,2.0,1.0,2.0,1,1.5365950493351463,2.0312852327867903,Lower middle income,East Asia & Pacific (excluding high income),203818030,19.13273814392708,0.51755324070215,0.371858537004777,0.0770382854803156,0.129545047758276,0.415923158789911,12757.0746440204,62.10447842,36.9908270556254,1.56007882983334,56.8761702464027,1.7878556314554,0.0239606,-0.6496757,0.1470804,0.3421673,-0.1436778,-0.4162134999999999,9.453841270741709,-0.11605978333333332
IE,Ireland,0.0,0.0,0.0,0,1.5442876127674656,0.5333712575774044,High income,High income,3983258,15.197610635360956,0.996633988421918,0.982163399656721,0.626227752225008,,0.617138826577555,116702.85817485,93.50610352,26.4830620089049,2.34034113447044,63.6774229356985,14.6537815105934,1.5787476,0.7362963,1.6184383999999998,1.621098,1.5453584,1.6117468,11.66738630961869,1.4519475833333333
IL,Israel,2.0,2.0,0.0,1,2.2525951841894747,3.2296164129542992,High income,High income,6631697,15.707371287178168,0.929252212375394,0.911586720396557,0.472509325115294,,0.830418161603698,46151.100820403,90.29689758,69.2009240511496,1.47965474722561,91.5353517549466,3.86941902029446,0.5273842,-0.6998991999999999,1.5896737,1.1753426,0.8807927,0.9249105,10.739676092743007,0.7330340833333334
IN,India,2.0,2.0,2.0,1,0.7495866366440251,3.2296164129542992,Lower middle income,South Asia (excluding high income),1033092817,20.75582287493518,0.775291370626274,0.349317299044962,0.0987036738303656,0.119045681158485,0.447940659607977,7818.65701757504,49.2580986,36.8920885102897,5.13140747176364,34.4425517181304,1.41217101040888,-0.0956843999999999,-0.6015988,0.2400136,-0.1699148999999999,-0.1841026,-0.300757,8.964268081907903,-0.1853406833333333
IQ,Iraq,0.0,0.0,0.0,0,-0.6859640469564714,-0.3653771275482272,Upper middle income,Middle East & North Africa (excluding high income),25903954,17.069906179110454,0.185652818204679,0.142359958608513,0.0597136436372936,0.0610971839476889,0.52867556147717,12731.7535755128,65.00219727,11.1956027502836,6.04186489058043,69.8682708740234,-1.25770209772783,-1.0273564,-2.1722684,-1.2310377,-1.1622157,-1.4374976,-1.3740087,9.451854433479586,-1.40073075
IR,Islamic Republic of Iran,2.0,2.0,0.0,1,0.3448394529743055,-0.3653771275482272,Lower middle income,Middle East & North Africa (excluding high income),66867932,18.018230067875265,0.899846708281017,0.844911345742591,0.357647574557229,0.143677194096677,0.610855113056966,15884.4276775963,78.5957366,,43.3890162681514,75.9926376342773,0.34982143161472,-1.4876262,-1.1577773,-0.6566521,-1.3936204,-1.0690001999999998,-1.1267612,9.673094516945097,-1.1485729
IS,Iceland,1.0,1.0,0.0,0,-0.6859640469564714,-0.3653771275482272,High income,High income,297833,12.604288205718705,1.0,0.998739952085351,0.808953860947894,,0.853018601548552,62720.7916832797,99.68701957,99.5228207903758,4.44423970189746,94.2108206403841,1.52832650765088,1.4547451,1.3382488,1.8005665,1.6297845,1.7076167999999998,1.8584301,11.046448277445897,1.6315652999999999
IT,Italy,1.0,1.0,0.0,0,1.268538800501253,2.373665569977508,High income,High income,51815239,17.763194853153745,0.972945565478995,0.957753255144847,0.328843974145415,,0.588985902695173,49825.3934111848,74.8623274,76.0051221503914,1.87378325762481,69.4812507629394,1.20474315612308,1.0203423,0.4392225999999999,0.574774,0.5735641,0.5885,0.5394316,10.816280040909026,0.6226391
JM,Jamaica,3.0,3.0,0.0,1,0.9028461696417696,-0.3653771275482272,Upper middle income,Latin America & Caribbean (excluding high income),2248537,14.625790340472232,0.733003615105011,0.496684523167011,0.122619131885759,0.248539751669081,0.318225033228834,10430.6909771759,82.36071561,50.0226967195616,5.86278242801063,57.5411017937226,2.00753132739669,0.5026750999999999,0.1423134999999999,0.3396405999999999,0.1818115,-0.0742917999999999,-0.0851526,9.252507794810603,0.16783271666666663
JO,Jordan,1.0,1.0,0.0,0,-0.6859640469564714,-0.3653771275482272,Upper middle income,Middle East & North Africa (excluding high income),7296924,15.80296344745438,0.471196643097766,0.363697384331537,0.0967753992633425,0.119305220237491,0.535250701537721,10056.5611261239,85.999997,74.8391598670023,1.34609377243118,92.117972910453,1.22641995478769,-0.715912,-0.3909883999999999,0.1228638,0.1917529,0.0436082,0.0177108,9.215980548844966,-0.12182744999999996
JP,Japan,2.0,2.0,2.0,1,2.8017258661273394,-0.3653771275482272,High income,High income,110830955,18.523516670515217,0.984894200399726,0.957906039649693,0.312623515774919,,0.642210077081798,45999.4617966896,82.91407928,188.29266863888,-0.233352779398264,91.8741049279527,0.67025659122188,1.0951218,1.1600529,1.653038,1.3955783,1.5319019,1.4554011,10.73638497533082,1.381849
KE,Kenya,1.0,1.0,0.0,0,0.4566774905672543,-0.3653771275482272,Lower middle income,Sub-Saharan Africa (excluding high income),31704189,17.271959375227524,0.791951576168317,0.775564624499297,0.449058719613353,0.368139916209146,0.761588256168321,5338.85243382781,26.96290016,31.1231240199267,6.10793603659176,31.2879334021971,0.382593996518954,-0.4377574999999999,-1.1102194,-0.3468069,-0.4248134999999999,-0.4456181999999999,-0.7107878999999999,8.582766008827674,-0.5793339
KG,Kyrgyzstan,0.0,0.0,0.0,0,-0.6859640469564714,-0.3653771275482272,Lower middle income,Europe & Central Asia (excluding high income),4515230,15.322966684842514,0.450948439820275,0.394278384325509,0.0883580174711413,0.113696502901028,0.429731123639063,5736.47883415154,77.11769867,24.1631715005894,11.9050398185147,34.7521210171204,2.44569276771409,-0.5153924,-0.3876484,-0.8422527999999999,-0.5122396,-0.879262,-1.1583724,8.654600857552541,-0.7158612666666667
KH,Cambodia,0.0,0.0,0.0,0,-0.6859640469564714,-0.3653771275482272,Lower middle income,East Asia & Pacific (excluding high income),11527565,16.260251681737188,0.333949915672468,0.260773154731364,0.0246986747144726,0.027515921986499,0.550235750280447,6225.53265474741,60.76269913,121.842231182128,2.92073477592949,40.1091858128847,9.4684591111041,-1.4431473,-0.1486895,-0.643403,-0.6885401,-1.1477048,-1.0917539,8.736414284699956,-0.8605397666666667
KR,Korea (the Republic of),2.0,2.0,0.0,1,1.365583446878203,3.2296164129542992,High income,High income,45556455,17.63446288403394,0.986713470938187,0.979389372051234,0.60650448227234,,0.746614464315108,51718.2518656631,97.57132698,159.926120236306,2.49833333333339,81.1616526507785,1.13577953855347,0.991734,0.9005342,1.6261842,0.9879995,1.1681575,0.7614152,10.853566032346718,1.0726707666666666
KZ,Kazakhstan,2.0,2.0,0.0,1,0.9933817238836806,-0.3653771275482272,Upper middle income,Europe & Central Asia (excluding high income),13791287,16.439547573913565,0.811084645196623,0.779264797771942,0.506306841530463,0.572642652325076,0.473883208208394,32945.8515725823,90.9239507,26.0102223624021,8.04147134028401,61.030254280267,2.31675874599247,-0.8581561,-0.2325504,0.017817,0.0132366999999999,-0.4655785,-0.2698189,10.402620631324142,-0.29917503333333334
LA,Lao People's Democratic Republic (the),2.0,2.0,0.0,1,-0.6859640469564714,-0.3653771275482272,Lower middle income,East Asia & Pacific (excluding high income),5024510,15.429838494716956,0.373200289962313,0.212486888265223,0.0883902739830239,0.0896112225155103,0.416466884863388,8080.43553249923,62.0,,3.75562036658877,37.338778268357,5.69344695957329,-1.3981687,0.583086,-0.7431648,-0.7420677999999999,-0.7575675,-1.0773186,8.997201052599484,-0.6892002333333332
LB,Lebanon,0.0,0.0,0.0,0,-0.6859640469564714,-0.3653771275482272,Lower middle income,Middle East & North Africa (excluding high income),4108774,15.228635245136084,0.207030978086648,0.140151426974687,0.0051086534500821,0.0282417074588832,0.311841898224171,11599.7755083765,82.65599823,,154.756096023393,89.965362045441,2.5929006838647,-0.7622156,-1.3231817,-1.0567104,-0.8217369999999999,-1.0028379,-1.2586741,9.358741024181025,-1.03755945
LK,Sri Lanka,1.0,1.0,0.0,0,1.0561057026395142,-0.3653771275482272,Lower middle income,South Asia (excluding high income),16803664,16.637107515832273,0.892707132323262,0.550611979973612,0.0883127880727932,0.180856716736739,0.419474801145284,14316.1352225567,44.45308724,,7.01478071238195,19.8266275195269,0.668825708548416,-0.2581614,-0.510938,-0.2353399,-0.1629445,-0.2315397,-0.3367364,9.5691425173957,-0.28927664999999997
LR,Liberia,0.0,0.0,0.0,0,-0.6859640469564714,-0.3653771275482272,Low income,Sub-Saharan Africa (excluding high income),3018782,14.920363996740914,0.516311457560752,0.460793847168139,0.072709676057683,0.0719234566188546,0.604481792877254,1539.20892304674,26.38229942,12.8996951357409,7.81559385858648,53.9224618859098,-1.11842850292887,-0.1873575999999999,-0.2103506,-1.3272214999999998,-0.9457248,-0.8429491,-0.9896145,7.339023877092364,-0.75053635
LT,Lithuania,1.0,1.0,0.0,0,0.9774048613704022,0.5333712575774044,High income,High income,2372426,14.6794236182527,0.935322396656764,0.907614789028987,0.610178503206995,,0.253847490324466,45897.3715026327,86.93054425,37.1827298404879,4.68354420903453,68.1912117004395,3.73869903984915,1.134426,1.0111257,0.9787009,1.1708847999999998,1.2107283,0.9249581,10.734163128671042,1.0718039666666666
LV,Latvia,0.0,0.0,0.0,0,-0.6859640469564714,-0.3653771275482272,High income,High income,1596418,14.28327292746273,0.966187204898816,0.953466551434055,0.773491574716253,,0.389232259966575,36912.0130602161,91.17964988,32.452830258812,3.27582937431165,68.1808791463693,9.77936027100744,0.9910654,0.8069841999999999,0.8795712,1.1028018,0.9839815,0.8423495,10.516292334233805,0.9344589333333332
MA,Morocco,1.0,1.0,0.0,0,1.2259338337991774,-0.3653771275482272,Lower middle income,Middle East & North Africa (excluding high income),26706787,17.100428285825018,0.443728342386603,0.303017411414985,0.0727753079994441,0.0999343038551777,0.57039662936349,8623.265625,88.13031937,86.0589211866219,1.40195883962006,62.3173276600289,1.59422321445366,-0.696885,-0.4686437,-0.1241745,-0.0751135,-0.4447944,-0.4783966,9.062219134722346,-0.3813346166666667
MD,Moldova (the Republic of),0.0,0.0,0.0,0,-0.6859640469564714,-0.3653771275482272,Upper middle income,Europe & Central Asia (excluding high income),2108305,14.561394865084267,0.642455175635428,0.597570342114864,0.209533942368533,0.378245251190615,0.454734739792306,15682.0703284653,74.91899872,28.5309349890981,5.10641129002836,41.8115425109863,2.8200678267721,0.0252853,-0.0451684,-0.2101435999999999,-0.0862631,-0.2519381,-0.550342,9.660273321442544,-0.18642831666666662
MK,North Macedonia,0.0,0.0,0.0,0,-0.6859640469564714,-0.3653771275482272,Upper middle income,Europe & Central Asia (excluding high income),1536653,14.245117232555844,0.852886912768171,0.743226138212801,0.282594820511222,0.448340963756064,0.429072830604833,22144.1924252732,81.873703,55.501013341123,3.23074912132928,61.6841975628139,4.97315294989199,-0.0157161,0.0908151,-0.0787865,0.2238641999999999,-0.117091,-0.3856405,10.005330548104768,-0.04709246666666669
MM,Myanmar,0.0,0.0,0.0,0,-0.6859640469564714,-0.3653771275482272,Lower middle income,East Asia & Pacific (excluding high income),39685121,17.496486889513427,0.477910290706127,0.399061605795168,0.165838950249833,0.162622195454251,0.330873018997491,5178.44718217164,,,,30.2368812529698,3.11492561696787,-1.4221985,-2.0939499,-1.5416257999999998,-1.1369347,-1.5648147,-0.9391159,8.55226051853145,-1.4497732499999998
MN,Mongolia,1.0,1.0,0.0,0,-0.6859640469564714,-0.3653771275482272,Lower middle income,East Asia & Pacific (excluding high income),2237019,14.620654733954302,0.984550191343593,0.974093441602912,0.434976627983323,0.860921848657197,0.525323073610135,14792.2509086422,81.60682285,47.4863808095992,7.35894657888155,69.2153244018555,14.217731942267,0.1480496,0.7338327,-0.3519979,-0.1284159,-0.1731689,-0.6644684,9.601858735378629,-0.07269479999999999
MT,Malta,0.0,0.0,0.0,0,-0.6859640469564714,-0.3653771275482272,High income,High income,446624,13.00947235630837,0.96446811059552,0.907323634886824,0.513704749912606,,0.482425305130944,56823.9958525022,87.46977742,68.4435039594286,1.49789217934724,95.5145343617045,433.606839879867,1.0102414,0.9318346,1.0227164,0.7210401,0.8666429,0.4667226,10.947713977689157,0.8365330000000001
MU,Mauritius,1.0,1.0,1.0,0,-0.6859640469564714,3.2296164129542992,Upper middle income,Sub-Saharan Africa (excluding high income),1058961,13.872798796709938,0.905263443555157,0.801148911328066,0.189206385325348,0.490550860263362,0.385210029786323,23010.2013826906,71.59999847,85.4118917320828,4.02852888157376,39.077147315722,2.24180552669211,0.3693402,0.9264413,0.738763,0.9383776,0.7212841999999999,0.416008,10.043692934955068,0.6850357166666666
MW,Malawi,0.0,0.0,0.0,0,-0.6859640469564714,-0.3653771275482272,Low income,Sub-Saharan Africa (excluding high income),11111253,16.223468936534612,0.427078088726996,0.403109616446834,0.100140263643271,0.0784752592301098,0.52884406695841,1687.59358179651,15.30300045,8.23959919600957,9.33014410835212,16.4881925800694,1.04617739110529,-0.0757201,-0.1028434999999999,-0.6797637,-0.6948634,-0.2454536,-0.4316195,7.431058877088478,-0.3717106333333333
MY,Malaysia,2.0,1.0,2.0,1,1.5756496021453823,1.432119642703036,Upper middle income,East Asia & Pacific (excluding high income),25769271,17.064693293520616,0.883748841160555,0.792964493422399,0.391150388218523,0.503101813526383,0.320916937509025,29822.8491831618,96.7514278,127.260894609567,2.47710241465447,75.5088628191907,5.41626377085161,-0.2516963,0.196108,0.8036415,0.7295908,0.3016338,0.3015023,10.303030129802847,0.34679668333333336
MZ,Mozambique,0.0,0.0,0.0,0,-0.6859640469564714,-0.3653771275482272,Low income,Sub-Saharan Africa (excluding high income),16874256,16.641299704862035,0.494927479032385,0.423195836284295,0.159751803993717,0.130485593753402,0.446650517376246,1457.23540930922,16.35759926,23.0205800775002,6.40847652975692,34.4499259401554,32.7522138534006,-0.7863927,-1.2675269,-0.8185849,-0.8186743,-1.0487663,-0.8090706999999999,7.284296364392583,-0.9248359666666666
NG,Nigeria,3.0,3.0,0.0,1,0.2963171297858303,-0.3653771275482272,Lower middle income,Sub-Saharan Africa (excluding high income),122350743,18.62240242057665,0.453166327186278,0.337399424056372,0.0809446567808656,0.0910272426820864,0.544112923131956,7588.47885587002,35.50979996,9.7332213692771,16.9528457221608,60.5698545383604,0.543909122159359,-0.7594776,-2.0135756,-1.0500622,-0.8726579,-0.9263276,-1.1909306,8.934386436057682,-1.1355052499999998
NI,Nicaragua,0.0,0.0,0.0,0,-0.6859640469564714,-0.3653771275482272,Lower middle income,Latin America & Caribbean (excluding high income),4567953,15.334575741298329,0.260328025128629,0.213706278566244,0.0724385360182964,0.067893811364421,0.383077781536198,7119.16874782601,51.62039948,28.0130773437883,4.92841396948968,58.8592529296875,7.36996671682569,-1.3557067,-0.4075357,-0.7550562,-0.8867041,-1.474372,-1.237514,8.870546248689497,-1.01948145
NL,Netherlands (the),1.0,1.0,0.0,0,0.1477914819772052,-0.3653771275482272,High income,High income,14717214,16.50452838704753,0.997331679359432,0.987854263858091,0.748871619073149,,0.439169424370407,68573.5648786447,92.05298013,93.8807694464696,2.67572008805385,94.6294783220315,-10.9725941589172,1.7227024,0.732977,1.8535742,1.8243489,1.7767646,2.0280226,11.135662387823706,1.6563982833333333
NO,Norway,2.0,2.0,1.0,1,1.6176628331988183,-0.3653771275482272,High income,High income,4453612,15.30922601029724,0.994777714580126,0.994777714580126,0.861670127048589,,0.784452634963258,92205.7698636049,99.0000036,132.758587980699,3.48388055266669,82.8612877226956,3.51903435020736,1.9844255,1.0721678,1.9916736,1.6492378,2.0582629,2.070812,11.43177798745221,1.8044299333333331
NP,Nepal,1.0,1.0,1.0,0,-0.6859640469564714,-0.3653771275482272,Lower middle income,South Asia (excluding high income),20254590,16.82389199249848,0.540026922540655,0.285776879334585,0.0628124985070811,0.0541486576185851,0.539796883711608,4546.22970006289,40.98910141,103.651351375401,4.12676744440695,66.144235274522,0.531690906776232,-0.1442262,-0.2520173,-0.9460782,-0.6375284,-0.3560122,-0.6245204999999999,8.422053531086476,-0.4933971333333333
NZ,New Zealand,1.0,1.0,1.0,0,1.3543404695540444,0.1481933782378479,High income,High income,4122094,15.231871844636377,0.987523814505022,0.97598536425928,0.805618464191443,,0.699079448918762,48202.0913368233,91.99060059,155.696811699705,3.94112060778728,83.8299382585905,2.09061969632742,1.7410291,1.3569818,1.6029686,1.8534819,1.7303955999999998,2.1244607,10.783157687828202,1.7348862833333334
PA,Panama,0.0,0.0,0.0,0,-0.6859640469564714,-0.3653771275482272,High income,High income,3160275,14.966169607093068,0.449670337532433,0.364498082801682,0.183397153098341,,0.294497218090841,30932.7627780514,66.04270172,,1.63070337301898,65.8092302689169,2.71982266279312,0.4667899,0.3538331999999999,0.2101815,0.2114141,-0.2304099999999999,-0.5235702,10.339571185261015,0.08137308333333333
PE,Peru,1.0,1.0,1.0,0,1.6330479600634569,-0.3653771275482272,Upper middle income,Latin America & Caribbean (excluding high income),24463530,17.012693995063223,0.574978561461709,0.491407135118103,0.19679421922839,0.218163904803478,0.414520697801377,15285.7706852395,71.10782643,47.1153342938622,4.27166381536798,83.9480118272361,3.15463147592016,0.2154894,-0.3341680999999999,-0.0563454,0.0848324999999999,-0.5208197,-0.509709,9.634677654070488,-0.18678671666666666
PH,Philippines (the),2.0,1.0,2.0,1,1.3436892278785255,1.432119642703036,Lower middle income,East Asia & Pacific (excluding high income),77692157,18.1682648707322,0.513717638928697,0.434522964546183,0.205767294806197,0.184813064410323,0.577529583002064,8857.78995115514,66.90779877,49.9413249106511,3.92718022100332,54.4504102510776,3.04078855310045,-0.3746338999999999,-1.0935816,0.1562797,0.0148496,-0.6736731,-0.5743865,9.089052571304624,-0.4241909666666666
PK,Islamic Republic of Pakistan,1.0,1.0,0.0,0,1.3419140209326057,-0.3653771275482272,Lower middle income,South Asia (excluding high income),146030491,18.799326000333814,0.209806311316514,0.176233271997723,0.057420439821652,0.0107401554651021,0.301630148634552,5367.27364714762,,15.3401397751102,9.49641577285205,37.9333395514173,0.616039439073827,-0.9211047,-1.6496402,-0.5170351,-0.6543467,-0.8231206,-0.9061812,8.588075357861873,-0.9119047499999998
PL,Poland,1.0,1.0,1.0,0,1.1259305091790273,-0.3653771275482272,High income,High income,32028961,17.282151082720148,0.957201672270221,0.931843993558558,0.704396139551519,,0.460403184295304,41059.5847829682,85.37490906,45.7278891219221,5.05502704719272,59.8096513205543,5.44306737738578,0.369436,0.5651963,0.5887761,0.6736094,0.4098572,0.6869719,10.622779578075816,0.5489744833333333
PS,"Palestine, State of",0.0,0.0,0.0,0,-0.6859640469564714,-0.3653771275482272,Lower middle income,Middle East & North Africa (excluding high income),2915259,14.885469224591604,0.336425508866377,0.209943333574238,0.0271956460314457,0.0565510248880257,0.416806245460161,5663.12160743584,,47.3295160416368,1.23748102831369,86.334956387337,1.95194132723981,-0.9995573,-1.6333144,-0.6289954,-0.1524659,-0.8929068,-0.5922462,8.641730539913938,-0.8165809999999999
PT,Portugal,0.0,0.0,0.0,0,1.7638215384128837,-0.3653771275482272,High income,High income,8923687,16.00421975996159,0.926495073207262,0.906443961480128,0.453960094828681,,0.373935920949931,38657.6677223429,82.30902804,98.848509456936,1.26565719069044,61.0951249296597,3.60836004516304,1.3627614,0.9584396,1.1677599,0.7505542,1.1690784,0.8188181999999999,10.562500423015537,1.03790195
PY,Paraguay,1.0,1.0,0.0,0,-0.6859640469564714,-0.3653771275482272,Upper middle income,Latin America & Caribbean (excluding high income),4679787,15.358763154037575,0.54419977087987,0.511553636855618,0.107200317625332,0.0999398920358336,0.348339716608372,15400.9446332428,77.01838621,49.4295844129684,4.787983101236,67.3058612772421,1.46244749899002,-0.1702578,-0.0550381999999999,-0.5769998,-0.1860035,-0.5280024,-0.9055003,9.642184126341471,-0.4036336666666666
RO,Romania,0.0,0.0,0.0,0,0.8910114566689709,-0.3653771275482272,High income,High income,16163817,16.59828578366133,0.691155037619615,0.635111219691868,0.340746691461656,,0.413610055474523,37534.0002643549,83.5904265,26.4890320985714,5.05232876096582,52.2321512130811,4.12832844182863,0.5429149999999999,0.6671952,-0.0777119,0.3145915999999999,0.4615580999999999,0.0096051,10.533002474894296,0.3196921833333333
RS,Serbia,0.0,0.0,0.0,0,1.0501883461531147,-0.3653771275482272,Upper middle income,Europe & Central Asia (excluding high income),5915242,15.593042967490934,0.894157368417161,0.874851859157791,0.273141083329121,0.4541332643983,0.501161886220939,23406.3065657117,81.16588116,41.4324145562729,4.08510285335102,61.363899230957,6.95312089132574,-0.2621982,-0.0436914,0.0628473,0.0556174,-0.1926347,-0.4707878,10.060760776389332,-0.1418079
RU,Russian Federation (the),2.0,2.0,0.0,1,1.168535475881103,-0.3653771275482272,Upper middle income,Europe & Central Asia (excluding high income),119582441,18.59951657432125,0.897193266222482,0.874150459442505,0.585663324765089,0.710469924849696,0.510018993253742,38638.4296875,88.21384578,54.6422447762479,6.69445891957612,74.7516840220252,2.21136527873962,-0.9937267,-0.5061895,-0.1170517,-0.3720054,-0.9027732,-0.7788442,10.562002647943192,-0.6117651166666667
SA,Saudi Arabia,2.0,0.0,2.0,1,1.410555356174839,-0.3653771275482272,High income,High income,23509479,16.972914259488054,0.74320746724648,0.73454579640307,0.620173410502928,,0.597271960770624,62690.4966645929,100.0,,3.06328988941548,83.9716349986538,2.8850612174452,-1.5214302,-0.4672131,0.3884751999999999,0.3876301,-0.1658751,0.2365231,11.04596514678557,-0.190315
SE,Sweden,2.0,2.0,0.0,1,1.669735570279133,2.630450822870545,High income,High income,8517166,15.957594214364184,0.996887646957821,0.990595785214184,0.822859990005788,,0.569120752568677,62190.8526983825,94.6703163,136.797864800213,2.16319736447143,88.1741651958315,9.17868162234424,1.7654717999999998,0.9471541,1.9668155,1.6807618,1.7883137999999998,2.0899139,11.037963205185518,1.7064051500000001
SG,Singapore,2.0,2.0,2.0,1,1.9478513251399048,1.7916189967532885,High income,High income,4993587,15.423665047163,0.975498512325819,0.94838043412618,0.581148082988142,,0.461829062576678,133990.186782104,96.92468156,,2.31610315765146,100.0,32.2624851402185,0.1598960999999999,1.2816641,2.2180671,2.1352444,1.4327468,2.0800635,11.80552184328201,1.5512803333333334
SI,Slovenia,0.0,0.0,0.0,0,0.950185021532965,-0.3653771275482272,High income,High income,1784150,14.394452669304997,0.990496614015272,0.970184086855026,0.5584609042608,,0.539157736902209,45922.6632600134,89.00399524,41.1011816349725,1.91706506089269,55.3046289429588,3.60613978687237,0.9366208,0.7356372,1.3440925,0.8294744,0.9260486,0.6986582,10.734714027134231,0.9117552833333332
SK,Slovakia,0.0,0.0,0.0,0,1.5028661173626696,-0.3653771275482272,High income,High income,4593346,15.340119292497612,0.956196968335478,0.945502543801981,0.722819177706126,,0.453538750950276,38330.302743447,88.92560523,65.1124824665326,3.1496062992126,53.1901479870605,2.25677867211963,0.9886718,0.5857562,0.7366756999999999,0.7412158,0.7070856,0.3575001,10.55399605668536,0.6861508666666666
SL,Sierra Leone,0.0,0.0,0.0,0,-0.6859640469564714,-0.3653771275482272,Low income,Sub-Saharan Africa (excluding high income),4762478,15.376278678983851,0.288466044614564,0.27005586976239,0.039035849866834,0.0327310502610564,0.537464813004354,2849.38865839009,18.65390015,4.22614923192413,11.8739588840234,43.7345385973699,2.98593617782997,-0.2795539999999999,-0.2367225,-1.0121827,-0.9134767,-0.7591209999999999,-0.4780029999999999,7.954859744424992,-0.6131766499999999
SS,South Sudan,0.0,0.0,0.0,0,-0.6859640469564714,-0.3653771275482272,Low income,Sub-Saharan Africa (excluding high income),6159568,15.63351720318036,0.058314074673825,0.0481070972131712,0.0158573507581916,0.0062822377135349,0.369230720309785,,,2.75015423943811,10.5167158294358,20.4811115270532,,-1.942155,-2.2194874,-2.2425859,-1.9338545,-1.9778169,-1.8234318,,-2.023221916666667
SV,El Salvador,0.0,0.0,0.0,0,-0.6859640469564714,-0.3653771275482272,Lower middle income,Latin America & Caribbean (excluding high income),4592875,15.340016747609914,0.358453551303162,0.278190788001185,0.080835463933836,0.0985185708831796,0.298113806413552,10809.713399518,57.26380157,61.139568580911,3.46692585313082,73.6838531494141,2.7560499827498,-0.3341369999999999,-0.2220070999999999,-0.2484854,-0.2893204,-0.83512,-0.5616664,9.288200397748765,-0.4151227166666666
TH,Thailand,2.0,2.0,2.0,1,1.5152925659841086,2.0312852327867903,Upper middle income,East Asia & Pacific (excluding high income),60059109,17.91083978524458,0.955769973139711,0.920256352328798,0.46935192389949,0.632691355557406,0.558897334814708,20236.9760408784,85.26956666,164.142023585507,1.23104516549814,58.5087776184082,3.04112326260094,-0.8289886,-0.6963747,0.2086191,0.1032064999999999,-0.2575207,-0.3893452,9.915266707144408,-0.3100672666666667
TJ,Tajikistan,0.0,0.0,0.0,0,-0.6859640469564714,-0.3653771275482272,Lower middle income,Europe & Central Asia (excluding high income),6196225,15.639450793610376,0.394881617560099,0.331332088342996,0.0386212549653646,0.0404728522756102,0.317513245196475,3985.91247611219,36.70560074,10.3441984160481,,26.1991525151375,0.94025522151091,-1.5308227,-0.3984715,-0.8282832,-0.8413027,-1.2591682,-1.0874541,8.290521542707326,-0.9909170666666668
TN,Tunisia,1.0,1.0,0.0,0,-0.6859640469564714,-0.3653771275482272,Lower middle income,Middle East & North Africa (excluding high income),8970562,16.009458885361084,0.36853236511337,0.276944988729278,0.0336623941852097,0.0667537492562658,0.505834020543242,12444.3264026887,68.31552226,64.667534646183,5.706350208307,69.3997523770568,1.16289301361367,-0.0624493999999999,-0.6668946,-0.0145066999999999,-0.1994700999999999,-0.0151282999999999,-0.1415165,9.429020087397795,-0.18332759999999992
TR,Türkiye,2.0,2.0,0.0,1,2.0011075335175,-0.3653771275482272,Upper middle income,Europe & Central Asia (excluding high income),64398074,17.980594283795067,0.740916612877286,0.676269782547618,0.420704480953953,0.447706832325296,0.649787525932821,32105.5474400506,81.40843745,70.9983608541485,19.5964926913324,89.1762048153239,1.50891969619413,-1.0031695,-0.9721057,0.0250833,-0.1231337999999999,-0.7753443999999999,-0.3992138,10.37678411163395,-0.5413139833333332
TW,Chinese Taipei,2.0,2.0,1.0,1,3.0804333566367523,-0.3653771275482272,High income,High income,20568066,16.839250236790857,0.947110381370228,0.877492423364451,0.383520337546851,,0.666197294088751,,,,,,,,,,,,,,
TZ,"Tanzania, United Republic of",1.0,1.0,1.0,0,-0.6859640469564714,-0.3653771275482272,Lower middle income,Sub-Saharan Africa (excluding high income),34527295,17.357260728620236,0.524333347484758,0.502158398367295,0.188776504328695,0.0449159801794265,0.469665960527555,3493.0830078125,22.87540054,12.9776126678886,3.69091958802199,34.3500111758619,1.68494347865961,-0.709892,-0.5751002,-0.4868408999999999,-0.6753391999999999,-0.5650588,-0.351543,8.158540008570421,-0.5606290166666666
UA,Ukraine,2.0,2.0,0.0,1,0.2939501871912706,-0.3653771275482272,Lower middle income,Europe & Central Asia (excluding high income),37851388,17.449178208245378,0.835648133398349,0.813375186924419,0.472222112210602,0.585377357843424,0.564637028017391,17846.408203125,79.21829353,23.5556488725733,9.36313917695223,69.4027032653896,3.98166133947207,0.0995611999999999,-0.9905631,-0.4048590999999999,-0.3585413,-0.5685603,-0.8040912,9.789557545846655,-0.5045089666666667
UG,Uganda,0.0,0.0,0.0,0,-0.6859640469564714,-0.3653771275482272,Low income,Sub-Saharan Africa (excluding high income),24351947,17.008122363228566,0.65914011087313,0.62577623252471,0.251485621173614,0.103348169863667,0.751302492532307,2684.92035939744,10.0,14.7869665338727,2.20457204757414,29.2362957789022,4.06673785760736,-0.9574486,-0.9440307,-0.5687509,-0.4789234,-0.7277087,-0.9322359,7.895406345198568,-0.7681830333333334
US,United States of America (the),2.0,1.0,2.0,1,0.4957320433774904,0.2337884625355271,High income,High income,270549658,19.415966217960555,0.949532296473716,0.929663801012284,0.65789994083524,,0.761784850972424,71441.231980595,91.2684021,219.125940110191,4.69785886363742,80.0074765140272,2.01451214498067,0.8877303999999999,-0.1263999999999999,1.4427774,1.4642419,1.0279752,1.1247591,11.176630460370824,0.9701806666666668
UY,Uruguay,2.0,2.0,0.0,1,-0.6859640469564714,-0.3653771275482272,High income,High income,2725712,14.818240236354326,0.741272677007413,0.679852440184516,0.322885571968271,,0.557796344001248,29431.8738833361,87.64440155,26.7129871976438,7.74791402314762,95.4497146606445,8.50404500730576,1.2359324,1.1500797,0.8270962,0.7331802,0.9518641,1.6220519,10.28983351175695,1.08670075
UZ,Uzbekistan,0.0,0.0,0.0,0,-0.6859640469564714,-0.3653771275482272,Lower middle income,Europe & Central Asia (excluding high income),23599241,16.976725108461714,0.441347902834696,0.417219386834756,0.161329321277049,0.326257816051198,0.302729299457748,9705.60054565692,76.59043014,30.5429238565957,10.8492397508122,50.9269905090332,2.80927561208071,-1.0392373,-0.221247,-0.3035457,-0.6939061,-0.7001664999999999,-0.7419446,9.180458373715094,-0.6166745333333333
VE,Venezuela (Bolivarian Republic of),1.0,1.0,0.0,0,1.2803735134740517,-0.3653771275482272,Upper middle income,Latin America & Caribbean (excluding high income),20527738,16.837287602700766,0.843948009275794,0.811885457264512,0.493248363705469,0.67303744658045,0.439918989180376,,74.11219788,,,89.1766444746891,2.14254073533861,-1.7943114999999998,-1.2895082,-1.5198422,-2.0857455,-2.3086878,-1.5843708,,-1.7637443333333334
ZA,South Africa,2.0,1.0,2.0,1,0.5164427910798883,2.0312852327867903,Upper middle income,Sub-Saharan Africa (excluding high income),44211052,17.60448536104069,0.85378111952418,0.808057747566285,0.276136557776129,0.540705859617932,0.603544223591496,13681.9548144813,74.96859741,93.1963897397387,4.61874544887136,63.4503925883909,9.68098022663018,0.6405126999999999,-0.7738081,0.0420935,0.0177391,0.1210744999999999,0.0645613,9.523833076763326,0.018695499999999976
ZM,Zambia,0.0,0.0,0.0,0,-0.6859640469564714,-0.3653771275482272,Low income,Sub-Saharan Africa (excluding high income),10800121,16.19506789573539,0.48521887299618,0.464465679124536,0.184116954741626,0.0842155018520154,0.593185765956697,3503.03491418372,14.82190037,11.3595044648168,22.0207676245777,44.2353731410926,1.78407846118257,-0.5563406,-0.1582771999999999,-0.7266708,-0.5122202,-0.6026535,-0.6928953,8.161384990085791,-0.5415095999999999
ZW,Zimbabwe,1.0,1.0,0.0,0,-0.683396834402975,-0.3727489674604672,Lower middle income,Sub-Saharan Africa (excluding high income),8977056,16.010182546883566,0.597459292908934,0.576650190996515,0.214514984704946,0.475647990769579,0.531081801090596,4827.10960165994,32.5923996,4.75952182207041,98.5461050920624,37.8692058859373,0.575182174042167,-1.176409,-1.0184197,-1.0994958,-1.3253501,-1.263628,-1.1867823,8.482003141360856,-1.1783474833333332
